userid,timestamp,status,source_ip
user6,2025-10-05 13:30:13,failed,192.168.1.39
user2,2025-10-03 13:30:13,failed,192.168.1.5
user3,2025-10-09 13:30:13,failed,192.168.1.29
user3,2025-10-04 13:30:13,failed,192.168.1.9
user2,2025-10-10 13:30:13,success,192.168.1.25
user5,2025-10-06 13:30:13,failed,192.168.1.15
user5,2025-10-02 13:30:13,success,192.168.1.26
user8,2025-10-01 13:30:13,failed,192.168.1.18
user2,2025-10-07 13:30:13,success,192.168.1.35
user5,2025-10-07 13:30:13,failed,192.168.1.35
user7,2025-10-11 13:30:13,failed,192.168.1.10
user3,2025-10-11 13:30:13,success,192.168.1.23
user10,2025-10-07 13:30:13,success,192.168.1.5
user5,2025-10-07 13:30:13,success,192.168.1.50
user10,2025-10-10 13:30:13,success,192.168.1.12
user1,2025-10-04 13:30:13,success,192.168.1.7
user9,2025-10-08 13:30:13,success,192.168.1.2
user7,2025-10-04 13:30:13,failed,192.168.1.46
user3,2025-10-11 13:30:13,failed,192.168.1.3
user4,2025-10-03 13:30:13,success,192.168.1.39
user10,2025-10-02 13:30:13,success,192.168.1.47
user6,2025-10-04 13:30:13,failed,192.168.1.18
user7,2025-10-09 13:30:13,success,192.168.1.50
user7,2025-10-02 13:30:13,failed,192.168.1.45
user10,2025-10-05 13:30:13,success,192.168.1.13
user4,2025-10-09 13:30:13,failed,192.168.1.16
user10,2025-10-03 13:30:13,success,192.168.1.42
user9,2025-10-04 13:30:13,failed,192.168.1.9
user3,2025-10-07 13:30:13,failed,192.168.1.11
user6,2025-10-09 13:30:13,failed,192.168.1.35
user2,2025-10-11 13:30:13,failed,192.168.1.40
user4,2025-10-03 13:30:13,failed,192.168.1.37
user10,2025-10-11 13:30:13,failed,192.168.1.24
user8,2025-10-05 13:30:13,failed,192.168.1.31
user7,2025-10-05 13:30:13,success,192.168.1.14
user6,2025-10-03 13:30:13,success,192.168.1.27
user10,2025-10-08 13:30:13,failed,192.168.1.34
user6,2025-10-07 13:30:13,success,192.168.1.29
user10,2025-10-01 13:30:13,success,192.168.1.40
user2,2025-10-05 13:30:13,success,192.168.1.5
user1,2025-10-01 13:30:13,failed,192.168.1.36
user4,2025-10-08 13:30:13,failed,192.168.1.4
user7,2025-10-01 13:30:13,failed,192.168.1.5
user9,2025-10-08 13:30:13,failed,192.168.1.15
user8,2025-10-11 13:30:13,failed,192.168.1.40
user5,2025-10-09 13:30:13,failed,192.168.1.25
user3,2025-10-09 13:30:13,failed,192.168.1.17
user1,2025-10-02 13:30:13,failed,192.168.1.7
user2,2025-10-06 13:30:13,success,192.168.1.2
user4,2025-10-08 13:30:13,success,192.168.1.45
